[{"sector": "Agriculture", "subsector": "Crop Farming", "goods_type": "physical", "service_type": "none", "delivery_mode": "physical", "asset_intensity": "medium", "restricted_goods": false, "ata_facilitator": false, "bid_whitelist": false, "consumable_goods": true, "uses_transportable_equipment": false, "coo_facilitator": false}, {"sector": "Agriculture", "subsector": "Fruit Farming", "goods_type": "physical", "service_type": "none", "delivery_mode": "physical", "asset_intensity": "medium", "restricted_goods": false, "ata_facilitator": false, "bid_whitelist": false, "consumable_goods": true, "uses_transportable_equipment": false, "coo_facilitator": false}, {"sector": "Agriculture", "subsector": "Livestock", "goods_type": "physical", "service_type": "none", "delivery_mode": "physical", "asset_intensity": "medium", "restricted_goods": false, "ata_facilitator": false, "bid_whitelist": false, "consumable_goods": true, "uses_transportable_equipment": false, "coo_facilitator": false}, {"sector": "Agriculture", "subsector": "Fisheries", "goods_type": "physical", "service_type": "none", "delivery_mode": "physical", "asset_intensity": "medium", "restricted_goods": false, "ata_facilitator": false, "bid_whitelist": false, "consumable_goods": true, "uses_transportable_equipment": false, "coo_facilitator": false}, {"sector": "Agriculture", "subsector": "Farm Services", "goods_type": "physical", "service_type": "none", "delivery_mode": "physical", "asset_intensity": "medium", "restricted_goods": false, "ata_facilitator": false, "bid_whitelist": false, "consumable_goods": true, "uses_transportable_equipment": false, "coo_facilitator": false}, {"sector": "Agriculture", "subsector": "Equipment Trading", "goods_type": "physical", "service_type": "none", "delivery_mode": "physical", "asset_intensity": "medium", "restricted_goods": false, "ata_facilitator": false, "bid_whitelist": false, "consumable_goods": true, "uses_transportable_equipment": true, "coo_facilitator": false}, {"sector": "Agriculture", "subsector": "Food Processing", "goods_type": "physical", "service_type": "none", "delivery_mode": "physical", "asset_intensity": "medium", "restricted_goods": false, "ata_facilitator": false, "bid_whitelist": false, "consumable_goods": true, "uses_transportable_equipment": false, "coo_facilitator": false}, {"sector": "Mining & Quarrying", "subsector": "Metal Mining", "goods_type": "physical", "service_type": "none", "delivery_mode": "physical", "asset_intensity": "high", "restricted_goods": false, "ata_facilitator": false, "bid_whitelist": false, "consumable_goods": false, "uses_transportable_equipment": false, "coo_facilitator": false}, {"sector": "Mining & Quarrying", "subsector": "Stone Quarrying", "goods_type": "physical", "service_type": "none", "delivery_mode": "physical", "asset_intensity": "high", "restricted_goods": false, "ata_facilitator": false, "bid_whitelist": false, "consumable_goods": false, "uses_transportable_equipment": false, "coo_facilitator": false}, {"sector": "Mining & Quarrying", "subsector": "Mineral Extraction", "goods_type": "physical", "service_type": "none", "delivery_mode": "physical", "asset_intensity": "high", "restricted_goods": false, "ata_facilitator": false, "bid_whitelist": false, "consumable_goods": false, "uses_transportable_equipment": false, "coo_facilitator": false}, {"sector": "Mining & Quarrying", "subsector": "Sand Extraction", "goods_type": "physical", "service_type": "none", "delivery_mode": "physical", "asset_intensity": "high", "restricted_goods": false, "ata_facilitator": false, "bid_whitelist": false, "consumable_goods": false, "uses_transportable_equipment": false, "coo_facilitator": false}, {"sector": "Mining & Quarrying", "subsector": "Mining Services", "goods_type": "physical", "service_type": "none", "delivery_mode": "physical", "asset_intensity": "high", "restricted_goods": false, "ata_facilitator": false, "bid_whitelist": false, "consumable_goods": false, "uses_transportable_equipment": false, "coo_facilitator": false}, {"sector": "Mining & Quarrying", "subsector": "Equipment Trading", "goods_type": "physical", "service_type": "none", "delivery_mode": "physical", "asset_intensity": "high", "restricted_goods": false, "ata_facilitator": false, "bid_whitelist": false, "consumable_goods": false, "uses_transportable_equipment": true, "coo_facilitator": false}, {"sector": "Manufacturing", "subsector": "Food Manufacturing", "goods_type": "physical", "service_type": "none", "delivery_mode": "physical", "asset_intensity": "high", "restricted_goods": false, "ata_facilitator": false, "bid_whitelist": false, "consumable_goods": true, "uses_transportable_equipment": false, "coo_facilitator": false}, {"sector": "Manufacturing", "subsector": "Textile Manufacturing", "goods_type": "physical", "service_type": "none", "delivery_mode": "physical", "asset_intensity": "high", "restricted_goods": false, "ata_facilitator": false, "bid_whitelist": false, "consumable_goods": false, "uses_transportable_equipment": false, "coo_facilitator": false}, {"sector": "Manufacturing", "subsector": "Chemical Production", "goods_type": "physical", "service_type": "none", "delivery_mode": "physical", "asset_intensity": "high", "restricted_goods": false, "ata_facilitator": false, "bid_whitelist": false, "consumable_goods": false, "uses_transportable_equipment": true, "coo_facilitator": false}, {"sector": "Manufacturing", "subsector": "Metal Products", "goods_type": "physical", "service_type": "none", "delivery_mode": "physical", "asset_intensity": "high", "restricted_goods": false, "ata_facilitator": false, "bid_whitelist": false, "consumable_goods": false, "uses_transportable_equipment": false, "coo_facilitator": false}, {"sector": "Manufacturing", "subsector": "Machinery Manufacturing", "goods_type": "physical", "service_type": "none", "delivery_mode": "physical", "asset_intensity": "high", "restricted_goods": false, "ata_facilitator": false, "bid_whitelist": false, "consumable_goods": false, "uses_transportable_equipment": false, "coo_facilitator": false}, {"sector": "Manufacturing", "subsector": "Electronics Manufacturing", "goods_type": "physical", "service_type": "none", "delivery_mode": "physical", "asset_intensity": "high", "restricted_goods": false, "ata_facilitator": false, "bid_whitelist": false, "consumable_goods": false, "uses_transportable_equipment": false, "coo_facilitator": false}, {"sector": "Manufacturing", "subsector": "Furniture Manufacturing", "goods_type": "physical", "service_type": "none", "delivery_mode": "physical", "asset_intensity": "high", "restricted_goods": false, "ata_facilitator": false, "bid_whitelist": false, "consumable_goods": false, "uses_transportable_equipment": false, "coo_facilitator": false}, {"sector": "Manufacturing", "subsector": "Paper Products", "goods_type": "physical", "service_type": "none", "delivery_mode": "physical", "asset_intensity": "high", "restricted_goods": false, "ata_facilitator": false, "bid_whitelist": false, "consumable_goods": false, "uses_transportable_equipment": false, "coo_facilitator": false}, {"sector": "Manufacturing", "subsector": "Plastic Products", "goods_type": "physical", "service_type": "none", "delivery_mode": "physical", "asset_intensity": "high", "restricted_goods": false, "ata_facilitator": false, "bid_whitelist": false, "consumable_goods": false, "uses_transportable_equipment": false, "coo_facilitator": false}, {"sector": "Construction", "subsector": "Building Construction", "goods_type": "none", "service_type": "operational", "delivery_mode": "physical", "asset_intensity": "high", "restricted_goods": false, "ata_facilitator": false, "bid_whitelist": false, "consumable_goods": false, "uses_transportable_equipment": false, "coo_facilitator": false}, {"sector": "Construction", "subsector": "Civil Engineering", "goods_type": "none", "service_type": "operational", "delivery_mode": "physical", "asset_intensity": "high", "restricted_goods": false, "ata_facilitator": false, "bid_whitelist": false, "consumable_goods": false, "uses_transportable_equipment": false, "coo_facilitator": false}, {"sector": "Construction", "subsector": "Specialized Contracting", "goods_type": "none", "service_type": "operational", "delivery_mode": "physical", "asset_intensity": "high", "restricted_goods": false, "ata_facilitator": false, "bid_whitelist": false, "consumable_goods": false, "uses_transportable_equipment": false, "coo_facilitator": false}, {"sector": "Construction", "subsector": "Fit-Out", "goods_type": "none", "service_type": "operational", "delivery_mode": "physical", "asset_intensity": "high", "restricted_goods": false, "ata_facilitator": false, "bid_whitelist": false, "consumable_goods": false, "uses_transportable_equipment": false, "coo_facilitator": false}, {"sector": "Construction", "subsector": "Engineering Services", "goods_type": "none", "service_type": "operational", "delivery_mode": "physical", "asset_intensity": "high", "restricted_goods": false, "ata_facilitator": false, "bid_whitelist": false, "consumable_goods": false, "uses_transportable_equipment": false, "coo_facilitator": false}, {"sector": "Construction", "subsector": "Materials Trading", "goods_type": "none", "service_type": "operational", "delivery_mode": "physical", "asset_intensity": "high", "restricted_goods": false, "ata_facilitator": false, "bid_whitelist": false, "consumable_goods": false, "uses_transportable_equipment": false, "coo_facilitator": false}, {"sector": "Construction", "subsector": "Maintenance", "goods_type": "none", "service_type": "operational", "delivery_mode": "physical", "asset_intensity": "high", "restricted_goods": false, "ata_facilitator": false, "bid_whitelist": false, "consumable_goods": false, "uses_transportable_equipment": false, "coo_facilitator": false}, {"sector": "Trading", "subsector": "General Trading", "goods_type": "physical", "service_type": "operational", "delivery_mode": "physical", "asset_intensity": "medium", "restricted_goods": false, "ata_facilitator": false, "bid_whitelist": false, "consumable_goods": false, "uses_transportable_equipment": false, "coo_facilitator": false}, {"sector": "Trading", "subsector": "Automotive Trading", "goods_type": "physical", "service_type": "operational", "delivery_mode": "physical", "asset_intensity": "medium", "restricted_goods": false, "ata_facilitator": false, "bid_whitelist": false, "consumable_goods": false, "uses_transportable_equipment": false, "coo_facilitator": false}, {"sector": "Trading", "subsector": "Electronics Trading", "goods_type": "physical", "service_type": "operational", "delivery_mode": "physical", "asset_intensity": "medium", "restricted_goods": false, "ata_facilitator": false, "bid_whitelist": false, "consumable_goods": false, "uses_transportable_equipment": false, "coo_facilitator": false}, {"sector": "Trading", "subsector": "Industrial Equipment Trading", "goods_type": "physical", "service_type": "operational", "delivery_mode": "physical", "asset_intensity": "medium", "restricted_goods": false, "ata_facilitator": false, "bid_whitelist": false, "consumable_goods": false, "uses_transportable_equipment": true, "coo_facilitator": false}, {"sector": "Trading", "subsector": "Foodstuff Trading", "goods_type": "physical", "service_type": "operational", "delivery_mode": "physical", "asset_intensity": "medium", "restricted_goods": false, "ata_facilitator": false, "bid_whitelist": false, "consumable_goods": true, "uses_transportable_equipment": false, "coo_facilitator": false}, {"sector": "Trading", "subsector": "Chemical Trading", "goods_type": "physical", "service_type": "operational", "delivery_mode": "physical", "asset_intensity": "medium", "restricted_goods": false, "ata_facilitator": false, "bid_whitelist": false, "consumable_goods": false, "uses_transportable_equipment": false, "coo_facilitator": false}, {"sector": "Trading", "subsector": "Textile Trading", "goods_type": "physical", "service_type": "operational", "delivery_mode": "physical", "asset_intensity": "medium", "restricted_goods": false, "ata_facilitator": false, "bid_whitelist": false, "consumable_goods": false, "uses_transportable_equipment": false, "coo_facilitator": false}, {"sector": "Trading", "subsector": "Building Materials Trading", "goods_type": "physical", "service_type": "operational", "delivery_mode": "physical", "asset_intensity": "medium", "restricted_goods": false, "ata_facilitator": false, "bid_whitelist": false, "consumable_goods": false, "uses_transportable_equipment": false, "coo_facilitator": false}, {"sector": "Trading", "subsector": "Precious Metals & Stones", "goods_type": "physical", "service_type": "operational", "delivery_mode": "physical", "asset_intensity": "medium", "restricted_goods": false, "ata_facilitator": false, "bid_whitelist": false, "consumable_goods": false, "uses_transportable_equipment": false, "coo_facilitator": false}, {"sector": "Trading", "subsector": "Furniture Trading", "goods_type": "physical", "service_type": "operational", "delivery_mode": "physical", "asset_intensity": "medium", "restricted_goods": false, "ata_facilitator": false, "bid_whitelist": false, "consumable_goods": false, "uses_transportable_equipment": false, "coo_facilitator": false}, {"sector": "Trading", "subsector": "Medical Trading", "goods_type": "physical", "service_type": "operational", "delivery_mode": "physical", "asset_intensity": "medium", "restricted_goods": false, "ata_facilitator": false, "bid_whitelist": false, "consumable_goods": false, "uses_transportable_equipment": false, "coo_facilitator": false}, {"sector": "Information Technology", "subsector": "Software Development", "goods_type": "none", "service_type": "professional", "delivery_mode": "digital", "asset_intensity": "low", "restricted_goods": false, "ata_facilitator": false, "bid_whitelist": false, "consumable_goods": false, "uses_transportable_equipment": false, "coo_facilitator": false}, {"sector": "Information Technology", "subsector": "IT Consulting", "goods_type": "none", "service_type": "professional", "delivery_mode": "digital", "asset_intensity": "low", "restricted_goods": false, "ata_facilitator": false, "bid_whitelist": false, "consumable_goods": false, "uses_transportable_equipment": false, "coo_facilitator": false}, {"sector": "Information Technology", "subsector": "Cloud Services", "goods_type": "none", "service_type": "professional", "delivery_mode": "digital", "asset_intensity": "low", "restricted_goods": false, "ata_facilitator": false, "bid_whitelist": false, "consumable_goods": false, "uses_transportable_equipment": false, "coo_facilitator": false}, {"sector": "Information Technology", "subsector": "Cybersecurity", "goods_type": "none", "service_type": "professional", "delivery_mode": "digital", "asset_intensity": "low", "restricted_goods": false, "ata_facilitator": false, "bid_whitelist": false, "consumable_goods": false, "uses_transportable_equipment": false, "coo_facilitator": false}, {"sector": "Information Technology", "subsector": "Platforms", "goods_type": "none", "service_type": "professional", "delivery_mode": "digital", "asset_intensity": "low", "restricted_goods": false, "ata_facilitator": false, "bid_whitelist": false, "consumable_goods": false, "uses_transportable_equipment": false, "coo_facilitator": false}, {"sector": "Information Technology", "subsector": "Data Services", "goods_type": "none", "service_type": "professional", "delivery_mode": "digital", "asset_intensity": "low", "restricted_goods": false, "ata_facilitator": false, "bid_whitelist": false, "consumable_goods": false, "uses_transportable_equipment": false, "coo_facilitator": false}, {"sector": "Information Technology", "subsector": "IT Infrastructure", "goods_type": "none", "service_type": "professional", "delivery_mode": "digital", "asset_intensity": "low", "restricted_goods": false, "ata_facilitator": false, "bid_whitelist": false, "consumable_goods": false, "uses_transportable_equipment": false, "coo_facilitator": false}, {"sector": "Information Technology", "subsector": "Web & Digital", "goods_type": "none", "service_type": "professional", "delivery_mode": "digital", "asset_intensity": "low", "restricted_goods": false, "ata_facilitator": false, "bid_whitelist": false, "consumable_goods": false, "uses_transportable_equipment": false, "coo_facilitator": false}, {"sector": "Professional Services", "subsector": "Consulting", "goods_type": "none", "service_type": "professional", "delivery_mode": "hybrid", "asset_intensity": "low", "restricted_goods": false, "ata_facilitator": false, "bid_whitelist": false, "consumable_goods": false, "uses_transportable_equipment": false, "coo_facilitator": false}, {"sector": "Professional Services", "subsector": "Legal Services", "goods_type": "none", "service_type": "professional", "delivery_mode": "hybrid", "asset_intensity": "low", "restricted_goods": false, "ata_facilitator": false, "bid_whitelist": false, "consumable_goods": false, "uses_transportable_equipment": false, "coo_facilitator": false}, {"sector": "Professional Services", "subsector": "Accounting", "goods_type": "none", "service_type": "professional", "delivery_mode": "hybrid", "asset_intensity": "low", "restricted_goods": false, "ata_facilitator": false, "bid_whitelist": false, "consumable_goods": false, "uses_transportable_equipment": false, "coo_facilitator": false}, {"sector": "Professional Services", "subsector": "Marketing", "goods_type": "none", "service_type": "professional", "delivery_mode": "hybrid", "asset_intensity": "low", "restricted_goods": false, "ata_facilitator": false, "bid_whitelist": false, "consumable_goods": false, "uses_transportable_equipment": false, "coo_facilitator": false}, {"sector": "Professional Services", "subsector": "HR Services", "goods_type": "none", "service_type": "professional", "delivery_mode": "hybrid", "asset_intensity": "low", "restricted_goods": false, "ata_facilitator": false, "bid_whitelist": false, "consumable_goods": false, "uses_transportable_equipment": false, "coo_facilitator": false}, {"sector": "Professional Services", "subsector": "Translation", "goods_type": "none", "service_type": "professional", "delivery_mode": "hybrid", "asset_intensity": "low", "restricted_goods": false, "ata_facilitator": false, "bid_whitelist": false, "consumable_goods": false, "uses_transportable_equipment": false, "coo_facilitator": false}, {"sector": "Professional Services", "subsector": "Design", "goods_type": "none", "service_type": "professional", "delivery_mode": "hybrid", "asset_intensity": "low", "restricted_goods": false, "ata_facilitator": false, "bid_whitelist": false, "consumable_goods": false, "uses_transportable_equipment": false, "coo_facilitator": false}, {"sector": "Healthcare", "subsector": "Medical Services", "goods_type": "none", "service_type": "operational", "delivery_mode": "physical", "asset_intensity": "high", "restricted_goods": false, "ata_facilitator": false, "bid_whitelist": false, "consumable_goods": false, "uses_transportable_equipment": false, "coo_facilitator": false}, {"sector": "Healthcare", "subsector": "Medical Equipment", "goods_type": "none", "service_type": "operational", "delivery_mode": "physical", "asset_intensity": "high", "restricted_goods": false, "ata_facilitator": false, "bid_whitelist": false, "consumable_goods": false, "uses_transportable_equipment": true, "coo_facilitator": false}, {"sector": "Healthcare", "subsector": "Pharmaceuticals", "goods_type": "none", "service_type": "operational", "delivery_mode": "physical", "asset_intensity": "high", "restricted_goods": false, "ata_facilitator": false, "bid_whitelist": false, "consumable_goods": false, "uses_transportable_equipment": false, "coo_facilitator": false}, {"sector": "Healthcare", "subsector": "Healthcare Consulting", "goods_type": "none", "service_type": "operational", "delivery_mode": "physical", "asset_intensity": "high", "restricted_goods": false, "ata_facilitator": false, "bid_whitelist": false, "consumable_goods": false, "uses_transportable_equipment": false, "coo_facilitator": false}, {"sector": "Healthcare", "subsector": "Wellness", "goods_type": "none", "service_type": "operational", "delivery_mode": "physical", "asset_intensity": "high", "restricted_goods": false, "ata_facilitator": false, "bid_whitelist": false, "consumable_goods": false, "uses_transportable_equipment": false, "coo_facilitator": false}, {"sector": "Healthcare", "subsector": "Veterinary", "goods_type": "none", "service_type": "operational", "delivery_mode": "physical", "asset_intensity": "high", "restricted_goods": false, "ata_facilitator": false, "bid_whitelist": false, "consumable_goods": false, "uses_transportable_equipment": false, "coo_facilitator": false}, {"sector": "Logistics", "subsector": "Freight Forwarding", "goods_type": "none", "service_type": "operational", "delivery_mode": "physical", "asset_intensity": "high", "restricted_goods": false, "ata_facilitator": true, "bid_whitelist": false, "consumable_goods": false, "uses_transportable_equipment": false, "coo_facilitator": true}, {"sector": "Logistics", "subsector": "Warehousing", "goods_type": "none", "service_type": "operational", "delivery_mode": "physical", "asset_intensity": "high", "restricted_goods": false, "ata_facilitator": false, "bid_whitelist": true, "consumable_goods": false, "uses_transportable_equipment": false, "coo_facilitator": false}, {"sector": "Logistics", "subsector": "Courier & Delivery", "goods_type": "none", "service_type": "operational", "delivery_mode": "physical", "asset_intensity": "high", "restricted_goods": false, "ata_facilitator": false, "bid_whitelist": false, "consumable_goods": false, "uses_transportable_equipment": false, "coo_facilitator": false}, {"sector": "Logistics", "subsector": "Transport Services", "goods_type": "none", "service_type": "operational", "delivery_mode": "physical", "asset_intensity": "high", "restricted_goods": false, "ata_facilitator": true, "bid_whitelist": false, "consumable_goods": false, "uses_transportable_equipment": false, "coo_facilitator": true}, {"sector": "Logistics", "subsector": "Logistics Tech", "goods_type": "none", "service_type": "operational", "delivery_mode": "physical", "asset_intensity": "high", "restricted_goods": false, "ata_facilitator": false, "bid_whitelist": false, "consumable_goods": false, "uses_transportable_equipment": false, "coo_facilitator": false}, {"sector": "Logistics", "subsector": "Supply Chain", "goods_type": "none", "service_type": "operational", "delivery_mode": "physical", "asset_intensity": "high", "restricted_goods": false, "ata_facilitator": false, "bid_whitelist": true, "consumable_goods": false, "uses_transportable_equipment": false, "coo_facilitator": false}, {"sector": "Logistics", "subsector": "Shipping", "goods_type": "none", "service_type": "operational", "delivery_mode": "physical", "asset_intensity": "high", "restricted_goods": false, "ata_facilitator": false, "bid_whitelist": true, "consumable_goods": false, "uses_transportable_equipment": false, "coo_facilitator": false}, {"sector": "Retail", "subsector": "Food Retail", "goods_type": "physical", "service_type": "operational", "delivery_mode": "physical", "asset_intensity": "medium", "restricted_goods": false, "ata_facilitator": false, "bid_whitelist": false, "consumable_goods": true, "uses_transportable_equipment": false, "coo_facilitator": false}, {"sector": "Retail", "subsector": "Fashion Retail", "goods_type": "physical", "service_type": "operational", "delivery_mode": "physical", "asset_intensity": "medium", "restricted_goods": false, "ata_facilitator": false, "bid_whitelist": false, "consumable_goods": false, "uses_transportable_equipment": false, "coo_facilitator": false}, {"sector": "Retail", "subsector": "Electronics Retail", "goods_type": "physical", "service_type": "operational", "delivery_mode": "physical", "asset_intensity": "medium", "restricted_goods": false, "ata_facilitator": false, "bid_whitelist": false, "consumable_goods": false, "uses_transportable_equipment": false, "coo_facilitator": false}, {"sector": "Retail", "subsector": "Furniture Retail", "goods_type": "physical", "service_type": "operational", "delivery_mode": "physical", "asset_intensity": "medium", "restricted_goods": false, "ata_facilitator": false, "bid_whitelist": false, "consumable_goods": false, "uses_transportable_equipment": false, "coo_facilitator": false}, {"sector": "Retail", "subsector": "Online Retail", "goods_type": "physical", "service_type": "operational", "delivery_mode": "physical", "asset_intensity": "medium", "restricted_goods": false, "ata_facilitator": false, "bid_whitelist": false, "consumable_goods": false, "uses_transportable_equipment": false, "coo_facilitator": false}, {"sector": "Retail", "subsector": "Specialty Retail", "goods_type": "physical", "service_type": "operational", "delivery_mode": "physical", "asset_intensity": "medium", "restricted_goods": false, "ata_facilitator": false, "bid_whitelist": false, "consumable_goods": false, "uses_transportable_equipment": false, "coo_facilitator": false}, {"sector": "Retail", "subsector": "Luxury Retail", "goods_type": "physical", "service_type": "operational", "delivery_mode": "physical", "asset_intensity": "medium", "restricted_goods": false, "ata_facilitator": false, "bid_whitelist": false, "consumable_goods": false, "uses_transportable_equipment": false, "coo_facilitator": false}, {"sector": "Hospitality", "subsector": "Hotels", "goods_type": "none", "service_type": "operational", "delivery_mode": "physical", "asset_intensity": "medium", "restricted_goods": false, "ata_facilitator": false, "bid_whitelist": false, "consumable_goods": false, "uses_transportable_equipment": false, "coo_facilitator": false}, {"sector": "Hospitality", "subsector": "Restaurants", "goods_type": "none", "service_type": "operational", "delivery_mode": "physical", "asset_intensity": "medium", "restricted_goods": false, "ata_facilitator": false, "bid_whitelist": false, "consumable_goods": false, "uses_transportable_equipment": false, "coo_facilitator": false}, {"sector": "Hospitality", "subsector": "Catering", "goods_type": "none", "service_type": "operational", "delivery_mode": "physical", "asset_intensity": "medium", "restricted_goods": false, "ata_facilitator": false, "bid_whitelist": false, "consumable_goods": false, "uses_transportable_equipment": false, "coo_facilitator": false}, {"sector": "Hospitality", "subsector": "Resorts", "goods_type": "none", "service_type": "operational", "delivery_mode": "physical", "asset_intensity": "medium", "restricted_goods": false, "ata_facilitator": false, "bid_whitelist": false, "consumable_goods": false, "uses_transportable_equipment": false, "coo_facilitator": false}, {"sector": "Hospitality", "subsector": "Event Hospitality", "goods_type": "none", "service_type": "operational", "delivery_mode": "physical", "asset_intensity": "medium", "restricted_goods": false, "ata_facilitator": false, "bid_whitelist": false, "consumable_goods": false, "uses_transportable_equipment": true, "coo_facilitator": false}, {"sector": "Hospitality", "subsector": "Travel & Tourism", "goods_type": "none", "service_type": "operational", "delivery_mode": "hybrid", "asset_intensity": "medium", "restricted_goods": false, "ata_facilitator": false, "bid_whitelist": false, "consumable_goods": false, "uses_transportable_equipment": true, "coo_facilitator": false}, {"sector": "Hospitality", "subsector": "Entertainment", "goods_type": "none", "service_type": "operational", "delivery_mode": "physical", "asset_intensity": "medium", "restricted_goods": false, "ata_facilitator": false, "bid_whitelist": false, "consumable_goods": false, "uses_transportable_equipment": false, "coo_facilitator": false}, {"sector": "Media", "subsector": "Production", "goods_type": "none", "service_type": "operational", "delivery_mode": "hybrid", "asset_intensity": "medium", "restricted_goods": false, "ata_facilitator": false, "bid_whitelist": false, "consumable_goods": false, "uses_transportable_equipment": true, "coo_facilitator": false}, {"sector": "Media", "subsector": "Post-Production", "goods_type": "none", "service_type": "operational", "delivery_mode": "hybrid", "asset_intensity": "medium", "restricted_goods": false, "ata_facilitator": false, "bid_whitelist": false, "consumable_goods": false, "uses_transportable_equipment": true, "coo_facilitator": false}, {"sector": "Media", "subsector": "Broadcasting", "goods_type": "none", "service_type": "operational", "delivery_mode": "hybrid", "asset_intensity": "medium", "restricted_goods": false, "ata_facilitator": false, "bid_whitelist": false, "consumable_goods": false, "uses_transportable_equipment": true, "coo_facilitator": false}, {"sector": "Media", "subsector": "Publishing", "goods_type": "none", "service_type": "operational", "delivery_mode": "hybrid", "asset_intensity": "medium", "restricted_goods": false, "ata_facilitator": false, "bid_whitelist": false, "consumable_goods": false, "uses_transportable_equipment": true, "coo_facilitator": false}, {"sector": "Media", "subsector": "Creative Services", "goods_type": "none", "service_type": "operational", "delivery_mode": "hybrid", "asset_intensity": "medium", "restricted_goods": false, "ata_facilitator": false, "bid_whitelist": false, "consumable_goods": false, "uses_transportable_equipment": true, "coo_facilitator": false}, {"sector": "Media", "subsector": "Digital Media", "goods_type": "none", "service_type": "operational", "delivery_mode": "hybrid", "asset_intensity": "medium", "restricted_goods": false, "ata_facilitator": false, "bid_whitelist": false, "consumable_goods": false, "uses_transportable_equipment": true, "coo_facilitator": false}, {"sector": "Finance", "subsector": "Banking Services", "goods_type": "none", "service_type": "professional", "delivery_mode": "hybrid", "asset_intensity": "low", "restricted_goods": false, "ata_facilitator": false, "bid_whitelist": false, "consumable_goods": false, "uses_transportable_equipment": false, "coo_facilitator": false}, {"sector": "Finance", "subsector": "Investment Services", "goods_type": "none", "service_type": "professional", "delivery_mode": "hybrid", "asset_intensity": "low", "restricted_goods": false, "ata_facilitator": false, "bid_whitelist": false, "consumable_goods": false, "uses_transportable_equipment": false, "coo_facilitator": false}, {"sector": "Finance", "subsector": "Insurance", "goods_type": "none", "service_type": "professional", "delivery_mode": "hybrid", "asset_intensity": "low", "restricted_goods": false, "ata_facilitator": false, "bid_whitelist": false, "consumable_goods": false, "uses_transportable_equipment": false, "coo_facilitator": false}, {"sector": "Finance", "subsector": "Fintech", "goods_type": "none", "service_type": "professional", "delivery_mode": "hybrid", "asset_intensity": "low", "restricted_goods": false, "ata_facilitator": false, "bid_whitelist": false, "consumable_goods": false, "uses_transportable_equipment": false, "coo_facilitator": false}, {"sector": "Finance", "subsector": "Advisory", "goods_type": "none", "service_type": "professional", "delivery_mode": "hybrid", "asset_intensity": "low", "restricted_goods": false, "ata_facilitator": false, "bid_whitelist": false, "consumable_goods": false, "uses_transportable_equipment": false, "coo_facilitator": false}, {"sector": "Finance", "subsector": "Capital Markets", "goods_type": "none", "service_type": "professional", "delivery_mode": "hybrid", "asset_intensity": "low", "restricted_goods": false, "ata_facilitator": false, "bid_whitelist": false, "consumable_goods": false, "uses_transportable_equipment": false, "coo_facilitator": false}, {"sector": "Education", "subsector": "Early Learning", "goods_type": "none", "service_type": "professional", "delivery_mode": "hybrid", "asset_intensity": "low", "restricted_goods": false, "ata_facilitator": false, "bid_whitelist": false, "consumable_goods": false, "uses_transportable_equipment": false, "coo_facilitator": false}, {"sector": "Education", "subsector": "K-12 Education", "goods_type": "none", "service_type": "professional", "delivery_mode": "hybrid", "asset_intensity": "low", "restricted_goods": false, "ata_facilitator": false, "bid_whitelist": false, "consumable_goods": false, "uses_transportable_equipment": false, "coo_facilitator": false}, {"sector": "Education", "subsector": "Higher Education", "goods_type": "none", "service_type": "professional", "delivery_mode": "hybrid", "asset_intensity": "low", "restricted_goods": false, "ata_facilitator": false, "bid_whitelist": false, "consumable_goods": false, "uses_transportable_equipment": false, "coo_facilitator": false}, {"sector": "Education", "subsector": "Professional Training", "goods_type": "none", "service_type": "professional", "delivery_mode": "hybrid", "asset_intensity": "low", "restricted_goods": false, "ata_facilitator": false, "bid_whitelist": false, "consumable_goods": false, "uses_transportable_equipment": false, "coo_facilitator": false}, {"sector": "Education", "subsector": "Supplementary Education", "goods_type": "none", "service_type": "professional", "delivery_mode": "hybrid", "asset_intensity": "low", "restricted_goods": false, "ata_facilitator": false, "bid_whitelist": false, "consumable_goods": false, "uses_transportable_equipment": false, "coo_facilitator": false}, {"sector": "Education", "subsector": "Corporate Training", "goods_type": "none", "service_type": "professional", "delivery_mode": "hybrid", "asset_intensity": "low", "restricted_goods": false, "ata_facilitator": false, "bid_whitelist": false, "consumable_goods": false, "uses_transportable_equipment": false, "coo_facilitator": false}, {"sector": "Real Estate", "subsector": "Property Development", "goods_type": "none", "service_type": "operational", "delivery_mode": "physical", "asset_intensity": "high", "restricted_goods": false, "ata_facilitator": false, "bid_whitelist": false, "consumable_goods": false, "uses_transportable_equipment": false, "coo_facilitator": false}, {"sector": "Real Estate", "subsector": "Property Management", "goods_type": "none", "service_type": "operational", "delivery_mode": "physical", "asset_intensity": "high", "restricted_goods": false, "ata_facilitator": false, "bid_whitelist": true, "consumable_goods": false, "uses_transportable_equipment": false, "coo_facilitator": false}, {"sector": "Real Estate", "subsector": "Brokerage", "goods_type": "none", "service_type": "operational", "delivery_mode": "physical", "asset_intensity": "high", "restricted_goods": false, "ata_facilitator": false, "bid_whitelist": true, "consumable_goods": false, "uses_transportable_equipment": false, "coo_facilitator": false}, {"sector": "Real Estate", "subsector": "Consulting", "goods_type": "none", "service_type": "operational", "delivery_mode": "physical", "asset_intensity": "high", "restricted_goods": false, "ata_facilitator": false, "bid_whitelist": false, "consumable_goods": false, "uses_transportable_equipment": false, "coo_facilitator": false}, {"sector": "Real Estate", "subsector": "Services", "goods_type": "none", "service_type": "operational", "delivery_mode": "physical", "asset_intensity": "high", "restricted_goods": false, "ata_facilitator": false, "bid_whitelist": false, "consumable_goods": false, "uses_transportable_equipment": false, "coo_facilitator": false}, {"sector": "Energy", "subsector": "Oil & Gas", "goods_type": "none", "service_type": "operational", "delivery_mode": "physical", "asset_intensity": "high", "restricted_goods": false, "ata_facilitator": false, "bid_whitelist": false, "consumable_goods": false, "uses_transportable_equipment": false, "coo_facilitator": false}, {"sector": "Energy", "subsector": "Renewable Energy", "goods_type": "none", "service_type": "operational", "delivery_mode": "physical", "asset_intensity": "high", "restricted_goods": false, "ata_facilitator": false, "bid_whitelist": false, "consumable_goods": false, "uses_transportable_equipment": false, "coo_facilitator": false}, {"sector": "Energy", "subsector": "Energy Services", "goods_type": "none", "service_type": "operational", "delivery_mode": "physical", "asset_intensity": "high", "restricted_goods": false, "ata_facilitator": false, "bid_whitelist": false, "consumable_goods": false, "uses_transportable_equipment": false, "coo_facilitator": false}, {"sector": "Energy", "subsector": "Utilities", "goods_type": "none", "service_type": "operational", "delivery_mode": "physical", "asset_intensity": "high", "restricted_goods": false, "ata_facilitator": false, "bid_whitelist": false, "consumable_goods": false, "uses_transportable_equipment": false, "coo_facilitator": false}, {"sector": "Aerospace & Aviation", "subsector": "Airlines", "goods_type": "none", "service_type": "operational", "delivery_mode": "physical", "asset_intensity": "high", "restricted_goods": false, "ata_facilitator": false, "bid_whitelist": false, "consumable_goods": false, "uses_transportable_equipment": true, "coo_facilitator": false}, {"sector": "Aerospace & Aviation", "subsector": "Airport Services", "goods_type": "none", "service_type": "operational", "delivery_mode": "physical", "asset_intensity": "high", "restricted_goods": false, "ata_facilitator": false, "bid_whitelist": false, "consumable_goods": false, "uses_transportable_equipment": true, "coo_facilitator": false}, {"sector": "Aerospace & Aviation", "subsector": "Maintenance", "goods_type": "none", "service_type": "operational", "delivery_mode": "physical", "asset_intensity": "high", "restricted_goods": false, "ata_facilitator": false, "bid_whitelist": false, "consumable_goods": false, "uses_transportable_equipment": true, "coo_facilitator": false}, {"sector": "Aerospace & Aviation", "subsector": "Aviation Services", "goods_type": "none", "service_type": "operational", "delivery_mode": "physical", "asset_intensity": "high", "restricted_goods": false, "ata_facilitator": false, "bid_whitelist": false, "consumable_goods": false, "uses_transportable_equipment": true, "coo_facilitator": false}, {"sector": "Aerospace & Aviation", "subsector": "Aerospace", "goods_type": "none", "service_type": "operational", "delivery_mode": "physical", "asset_intensity": "high", "restricted_goods": false, "ata_facilitator": false, "bid_whitelist": false, "consumable_goods": false, "uses_transportable_equipment": true, "coo_facilitator": false}, {"sector": "Automotive", "subsector": "Manufacturing", "goods_type": "physical", "service_type": "none", "delivery_mode": "physical", "asset_intensity": "medium", "restricted_goods": false, "ata_facilitator": false, "bid_whitelist": false, "consumable_goods": false, "uses_transportable_equipment": false, "coo_facilitator": false}, {"sector": "Automotive", "subsector": "Services", "goods_type": "physical", "service_type": "none", "delivery_mode": "physical", "asset_intensity": "medium", "restricted_goods": false, "ata_facilitator": false, "bid_whitelist": false, "consumable_goods": false, "uses_transportable_equipment": false, "coo_facilitator": false}, {"sector": "Automotive", "subsector": "Specialized", "goods_type": "physical", "service_type": "none", "delivery_mode": "physical", "asset_intensity": "medium", "restricted_goods": false, "ata_facilitator": false, "bid_whitelist": false, "consumable_goods": false, "uses_transportable_equipment": false, "coo_facilitator": false}, {"sector": "Automotive", "subsector": "Rental & Leasing", "goods_type": "physical", "service_type": "none", "delivery_mode": "physical", "asset_intensity": "medium", "restricted_goods": false, "ata_facilitator": false, "bid_whitelist": false, "consumable_goods": false, "uses_transportable_equipment": true, "coo_facilitator": false}, {"sector": "Telecommunications", "subsector": "Services", "goods_type": "none", "service_type": "professional", "delivery_mode": "digital", "asset_intensity": "low", "restricted_goods": false, "ata_facilitator": false, "bid_whitelist": false, "consumable_goods": false, "uses_transportable_equipment": false, "coo_facilitator": false}, {"sector": "Telecommunications", "subsector": "Infrastructure", "goods_type": "none", "service_type": "professional", "delivery_mode": "digital", "asset_intensity": "low", "restricted_goods": false, "ata_facilitator": false, "bid_whitelist": false, "consumable_goods": false, "uses_transportable_equipment": false, "coo_facilitator": false}, {"sector": "Telecommunications", "subsector": "Value-Added", "goods_type": "none", "service_type": "professional", "delivery_mode": "digital", "asset_intensity": "low", "restricted_goods": false, "ata_facilitator": false, "bid_whitelist": false, "consumable_goods": false, "uses_transportable_equipment": false, "coo_facilitator": false}, {"sector": "Telecommunications", "subsector": "Consulting", "goods_type": "none", "service_type": "professional", "delivery_mode": "digital", "asset_intensity": "low", "restricted_goods": false, "ata_facilitator": false, "bid_whitelist": false, "consumable_goods": false, "uses_transportable_equipment": false, "coo_facilitator": false}, {"sector": "Sports & Recreation", "subsector": "Facilities", "goods_type": "none", "service_type": "operational", "delivery_mode": "physical", "asset_intensity": "medium", "restricted_goods": false, "ata_facilitator": false, "bid_whitelist": true, "consumable_goods": false, "uses_transportable_equipment": false, "coo_facilitator": false}, {"sector": "Sports & Recreation", "subsector": "Services", "goods_type": "none", "service_type": "operational", "delivery_mode": "physical", "asset_intensity": "medium", "restricted_goods": false, "ata_facilitator": false, "bid_whitelist": false, "consumable_goods": false, "uses_transportable_equipment": false, "coo_facilitator": false}, {"sector": "Sports & Recreation", "subsector": "Equipment", "goods_type": "none", "service_type": "operational", "delivery_mode": "physical", "asset_intensity": "medium", "restricted_goods": false, "ata_facilitator": false, "bid_whitelist": false, "consumable_goods": false, "uses_transportable_equipment": true, "coo_facilitator": false}, {"sector": "Sports & Recreation", "subsector": "Activities", "goods_type": "none", "service_type": "operational", "delivery_mode": "physical", "asset_intensity": "medium", "restricted_goods": false, "ata_facilitator": false, "bid_whitelist": false, "consumable_goods": false, "uses_transportable_equipment": false, "coo_facilitator": false}]